severity,pos_rank,pos_name,sku_family,issue_type,mapping_gate,swiggy_match,swiggy_orders,swiggy_units,swiggy_aov,swiggy_price,swiggy_taxonomy,zomato_match,zomato_rank,zomato_price,suggested_volume_customer_price,audit_read
P0,3,Ghee Rice,rice,DIRECT_EQUIVALENT_PRICE_DIVERGENCE_REVIEW | SWIGGY_ZOMATO_PRICE_DIVERGENCE_GE_30PCT,DIRECT_EQUIVALENT_PRICE_DIVERGENCE_REVIEW,ghee rice,336,514,177.64,110.0,North Indian / OTHER RICE VARIETIES / North Indian / empire special rice & fried rice / veg_flag=1.0,ghee rice,1,159.0,129,"Name match is direct, but platform prices disagree; confirm portion/card before offer math. Swiggy/Zomato derived price divergence 45%; keep as review row before offer math."
P0,5,Mutton Biryani,biryani_mutton,DIRECT_EQUIVALENT_PRICE_DIVERGENCE_REVIEW | SWIGGY_ZOMATO_PRICE_DIVERGENCE_GE_30PCT,DIRECT_EQUIVALENT_PRICE_DIVERGENCE_REVIEW,mutton biryani,238,352,753.59,490.0,Biryani / BIRYANI / Biryani / non-veg biriyani,mutton biryani,3,340.0,429,"Name match is direct, but platform prices disagree; confirm portion/card before offer math. Swiggy/Zomato derived price divergence 44%; keep as review row before offer math."
P0,8,Kalmi Kabab,dry_starter_kabab,DIRECT_EQUIVALENT_PRICE_DIVERGENCE_REVIEW | SWIGGY_ZOMATO_PRICE_DIVERGENCE_GE_30PCT,DIRECT_EQUIVALENT_PRICE_DIVERGENCE_REVIEW,kalmi kabab (4 pieces),68,74,397.79,385.0,Biryani / KEBAB / Biryani / non-veg tandoor,kalmi kabab,4,64.0,269,"Name match is direct, but platform prices disagree; confirm portion/card before offer math. Swiggy/Zomato derived price divergence 502%; keep as review row before offer math."
P0,10,Roomali Roti,bread,DIRECT_EQUIVALENT_PRICE_DIVERGENCE_REVIEW | SWIGGY_ZOMATO_PRICE_DIVERGENCE_GE_30PCT,DIRECT_EQUIVALENT_PRICE_DIVERGENCE_REVIEW,rumali roti,56,231,103.12,25.0,North Indian / ROTI / Biryani / roti / veg_flag=1.0,rumali roti,5,38.0,29,"Name match is direct, but platform prices disagree; confirm portion/card before offer math. Swiggy/Zomato derived price divergence 52%; keep as review row before offer math."
P0,12,Tandoori Chicken,grill_tandoor,DIRECT_EQUIVALENT_PRICE_DIVERGENCE_REVIEW | SWIGGY_ZOMATO_PRICE_DIVERGENCE_GE_30PCT,DIRECT_EQUIVALENT_PRICE_DIVERGENCE_REVIEW,tandoori chicken,48,52,329.6,155.0,North Indian / OTHER DRY STARTERS / North Indian / empire tawa & tandoori specials,tandoori chicken,7,283.0,199,"Name match is direct, but platform prices disagree; confirm portion/card before offer math. Swiggy/Zomato derived price divergence 83%; keep as review row before offer math."
P0,15,Tandoori Chicken Masala,grill_tandoor,DIRECT_EQUIVALENT_PRICE_DIVERGENCE_REVIEW | SWIGGY_ZOMATO_PRICE_DIVERGENCE_GE_30PCT,DIRECT_EQUIVALENT_PRICE_DIVERGENCE_REVIEW,chicken tandoori masala,22,22,233.09,189.0,North Indian / CURRY / North Indian / empire special non veg gravies,tandoori chicken,7,283.0,199,"Name match is direct, but platform prices disagree; confirm portion/card before offer math. Swiggy/Zomato derived price divergence 83%; keep as review row before offer math."
P0,18,Chicken Zinger Roll,roll_shawarma,PORTION_OR_OFFER_GATE_REQUIRED,PORTION_OR_OFFER_GATE_REQUIRED,chicken roll,114,161,183.6,130.0,North Indian / ROLL / Biryani / rolls,chicken roll,15,137.0,129,"Market volume price is below POS; solve with smaller portion, combo, or offer pay-price, not blind base-price cut."
P0,22,Mutton Masala,mutton_gravy,DIRECT_EQUIVALENT_PRICE_DIVERGENCE_REVIEW | SWIGGY_ZOMATO_PRICE_DIVERGENCE_GE_30PCT,DIRECT_EQUIVALENT_PRICE_DIVERGENCE_REVIEW,mutton masala,1,1,479.0,479.0,Biryani / CURRY / Biryani / curries & gravies,mutton masala,13,335.0,429,"Name match is direct, but platform prices disagree; confirm portion/card before offer math. Swiggy/Zomato derived price divergence 48%; keep as review row before offer math."
P0,24,Chicken Biryani + 2pc Kabab,combo_biryani_kabab,HIGHER_PAY_PRICE_SUPPORTED_REVIEW_PORTION | SWIGGY_ZOMATO_PRICE_DIVERGENCE_GE_30PCT,HIGHER_PAY_PRICE_SUPPORTED_REVIEW_PORTION,biryani rice + chicken kabab,1,1,219.0,219.0,Coastal/Seafood / BIRYANI / Biryani / combo meals,boneless chicken biryani + 2 pieces kebab + coke [250 ml],3,335.0,319,"Demand supports higher customer pay price than POS, but confirm portal portion/card equivalence. Swiggy/Zomato derived price divergence 43%; keep as review row before offer math."
P0,25,Garlic Kabab,dry_starter_kabab,HIGHER_PAY_PRICE_SUPPORTED_REVIEW_PORTION | SWIGGY_ZOMATO_PRICE_DIVERGENCE_GE_30PCT,HIGHER_PAY_PRICE_SUPPORTED_REVIEW_PORTION,kalmi kebab,17,17,206.29,165.0,North Indian / KEBAB / North Indian / empire tawa & tandoori specials,kalmi kabab,4,64.0,299,"Demand supports higher customer pay price than POS, but confirm portal portion/card equivalence. Swiggy/Zomato derived price divergence 66%; keep as review row before offer math."
P0,26,Irani Chicken,other,DIRECT_EQUIVALENT_PRICE_DIVERGENCE_REVIEW | SWIGGY_ZOMATO_PRICE_DIVERGENCE_GE_30PCT,DIRECT_EQUIVALENT_PRICE_DIVERGENCE_REVIEW,chicken 65,294,317,388.72,375.0,Biryani / OTHER DRY STARTERS / Biryani / non-veg starter,chicken 65,28,292.0,329,"Name match is direct, but platform prices disagree; confirm portion/card before offer math. Swiggy/Zomato derived price divergence 36%; keep as review row before offer math."
P0,27,Lemon Chicken,other,DIRECT_EQUIVALENT_PRICE_DIVERGENCE_REVIEW | SWIGGY_ZOMATO_PRICE_DIVERGENCE_GE_30PCT,DIRECT_EQUIVALENT_PRICE_DIVERGENCE_REVIEW,lemon chicken,194,204,379.18,375.0,Biryani / OTHER DRY STARTERS / Biryani / non-veg starter,chicken 65,28,292.0,349,"Name match is direct, but platform prices disagree; confirm portion/card before offer math. Swiggy/Zomato derived price divergence 34%; keep as review row before offer math."
P0,28,Prawns Chilly Manchurian,other,DIRECT_EQUIVALENT_PRICE_DIVERGENCE_REVIEW | SWIGGY_ZOMATO_PRICE_DIVERGENCE_GE_30PCT,DIRECT_EQUIVALENT_PRICE_DIVERGENCE_REVIEW,prawns chilly,2,2,180.0,180.0,North Indian / OTHER DRY STARTERS / Biryani / seafood specials,prawns manchurian,13,330.0,229,"Name match is direct, but platform prices disagree; confirm portion/card before offer math. Swiggy/Zomato derived price divergence 83%; keep as review row before offer math."
P0,29,Shezwan Chicken,other,DIRECT_EQUIVALENT_PRICE_DIVERGENCE_REVIEW | SWIGGY_ZOMATO_PRICE_DIVERGENCE_GE_30PCT,DIRECT_EQUIVALENT_PRICE_DIVERGENCE_REVIEW,chicken 65,294,317,388.72,375.0,Biryani / OTHER DRY STARTERS / Biryani / non-veg starter,chicken 65,28,292.0,329,"Name match is direct, but platform prices disagree; confirm portion/card before offer math. Swiggy/Zomato derived price divergence 34%; keep as review row before offer math."
P0,31,Hongkong Chicken,other,DIRECT_EQUIVALENT_PRICE_DIVERGENCE_REVIEW | SWIGGY_ZOMATO_PRICE_DIVERGENCE_GE_30PCT,DIRECT_EQUIVALENT_PRICE_DIVERGENCE_REVIEW,chicken 65,294,317,388.72,375.0,Biryani / OTHER DRY STARTERS / Biryani / non-veg starter,chicken 65,28,292.0,329,"Name match is direct, but platform prices disagree; confirm portion/card before offer math. Swiggy/Zomato derived price divergence 34%; keep as review row before offer math."
P0,32,Paneer Mutter Masala,veg_gravy,DIRECT_EQUIVALENT_PRICE_DIVERGENCE_REVIEW | SWIGGY_ZOMATO_PRICE_DIVERGENCE_GE_30PCT,DIRECT_EQUIVALENT_PRICE_DIVERGENCE_REVIEW,paneer mutter masala,3,3,140.0,140.0,North Indian / CURRY / Biryani / veg gravy / veg_flag=1.0,paneer butter masala,13,250.0,179,"Name match is direct, but platform prices disagree; confirm portion/card before offer math. Swiggy/Zomato derived price divergence 79%; keep as review row before offer math."
P0,33,Kulcha,bread,DIRECT_EQUIVALENT_PRICE_DIVERGENCE_REVIEW | SWIGGY_ZOMATO_PRICE_DIVERGENCE_GE_30PCT,DIRECT_EQUIVALENT_PRICE_DIVERGENCE_REVIEW,kulcha,27,48,107.04,70.0,Biryani / KULCHA / Biryani / indian breads / veg_flag=1.0,kulcha,23,39.0,59,"Name match is direct, but platform prices disagree; confirm portion/card before offer math. Swiggy/Zomato derived price divergence 79%; keep as review row before offer math."
P0,35,Shawarma Roll,roll_shawarma,DIRECT_EQUIVALENT_PRICE_DIVERGENCE_REVIEW | SWIGGY_ZOMATO_PRICE_DIVERGENCE_GE_30PCT,DIRECT_EQUIVALENT_PRICE_DIVERGENCE_REVIEW,chicken shawarma roll,2,3,225.0,150.0,North Indian / ROLL / Biryani / rolls,shawarma roll,19,105.0,199,"Name match is direct, but platform prices disagree; confirm portion/card before offer math. Swiggy/Zomato derived price divergence 154%; keep as review row before offer math."
P1,1,Chicken Boneless Biryani,biryani_chicken_boneless,HIGHER_PAY_PRICE_SUPPORTED_REVIEW_PORTION,HIGHER_PAY_PRICE_SUPPORTED_REVIEW_PORTION,chicken boneless biryani,2994,3770,477.93,375.0,Biryani / BIRYANI / Biryani / non-veg biriyani,chicken boneless biryani,1,360.0,369,"Demand supports higher customer pay price than POS, but confirm portal portion/card equivalence."
P1,2,Chicken Biryani,biryani_chicken,HIGHER_PAY_PRICE_SUPPORTED_REVIEW_PORTION,HIGHER_PAY_PRICE_SUPPORTED_REVIEW_PORTION,chicken biryani,690,894,472.43,365.0,Biryani / BIRYANI / Biryani / non-veg biriyani,chicken biryani,2,289.0,329,"Demand supports higher customer pay price than POS, but confirm portal portion/card equivalence."
P1,6,Chicken Kabab,dry_starter_kabab,HIGHER_PAY_PRICE_SUPPORTED_REVIEW_PORTION,HIGHER_PAY_PRICE_SUPPORTED_REVIEW_PORTION,chicken kabab,174,200,391.03,360.0,Biryani / KEBAB / Biryani / non-veg starter,chicken kabab,1,256.0,229,"Demand supports higher customer pay price than POS, but confirm portal portion/card equivalence."
P1,7,Kerala Paratha,bread,HIGHER_PAY_PRICE_SUPPORTED_REVIEW_PORTION,HIGHER_PAY_PRICE_SUPPORTED_REVIEW_PORTION,kerala parotta,108,317,117.41,40.0,North Indian / PAROTTA / Biryani / breads / veg_flag=1.0,kerala parotta,5,37.0,39,"Demand supports higher customer pay price than POS, but confirm portal portion/card equivalence."
P1,9,Butter Naan,bread,HIGHER_PAY_PRICE_SUPPORTED_REVIEW_PORTION,HIGHER_PAY_PRICE_SUPPORTED_REVIEW_PORTION,butter naan,164,365,122.53,65.0,Biryani / NAAN / Biryani / indian breads / veg_flag=1.0,butter naan,11,74.0,69,"Demand supports higher customer pay price than POS, but confirm portal portion/card equivalence."
P1,11,Paneer Butter Masala,veg_gravy,HIGHER_PAY_PRICE_SUPPORTED_REVIEW_PORTION,HIGHER_PAY_PRICE_SUPPORTED_REVIEW_PORTION,paneer butter masala,185,193,271.41,270.0,North Indian / CURRY / North Indian / north indian gravys / veg_flag=1.0,paneer butter masala,13,250.0,269,"Demand supports higher customer pay price than POS, but confirm portal portion/card equivalence."
P1,13,Butter Chicken,chicken_gravy,HIGHER_PAY_PRICE_SUPPORTED_REVIEW_PORTION,HIGHER_PAY_PRICE_SUPPORTED_REVIEW_PORTION,butter chicken,79,84,239.24,225.0,North Indian / CURRY / Biryani / non veg main course,butter chicken,12,281.0,249,"Demand supports higher customer pay price than POS, but confirm portal portion/card equivalence."
P1,14,Chicken Roll,roll_shawarma,HIGHER_PAY_PRICE_SUPPORTED_REVIEW_PORTION,HIGHER_PAY_PRICE_SUPPORTED_REVIEW_PORTION,chicken roll,114,161,183.6,130.0,North Indian / ROLL / Biryani / rolls,chicken roll,15,137.0,129,"Demand supports higher customer pay price than POS, but confirm portal portion/card equivalence."
P1,17,Chicken Kathi Roll,roll_shawarma,HIGHER_PAY_PRICE_SUPPORTED_REVIEW_PORTION,HIGHER_PAY_PRICE_SUPPORTED_REVIEW_PORTION,chicken roll,114,161,183.6,130.0,North Indian / ROLL / Biryani / rolls,chicken roll,15,137.0,129,"Demand supports higher customer pay price than POS, but confirm portal portion/card equivalence."
P1,19,Chicken 65,other,HIGHER_PAY_PRICE_SUPPORTED_REVIEW_PORTION,HIGHER_PAY_PRICE_SUPPORTED_REVIEW_PORTION,chicken 65,294,317,388.72,375.0,Biryani / OTHER DRY STARTERS / Biryani / non-veg starter,chicken 65,28,292.0,349,"Demand supports higher customer pay price than POS, but confirm portal portion/card equivalence."
P1,21,Tandoor Roti,bread,HIGHER_PAY_PRICE_SUPPORTED_REVIEW_PORTION,HIGHER_PAY_PRICE_SUPPORTED_REVIEW_PORTION,tandoori roti,163,411,113.59,55.0,Biryani / ROTI / Biryani / indian breads / veg_flag=1.0,tandoori roti,26,46.0,49,"Demand supports higher customer pay price than POS, but confirm portal portion/card equivalence."
P1,23,Biryani Rice,biryani,HIGHER_PAY_PRICE_SUPPORTED_REVIEW_PORTION,HIGHER_PAY_PRICE_SUPPORTED_REVIEW_PORTION,biryani rice,69,117,245.87,145.0,North Indian / BIRYANI / Biryani / rice and biryani,biryani rice,22,149.0,149,"Demand supports higher customer pay price than POS, but confirm portal portion/card equivalence."
P1,30,Shezwan Fried Rice,chinese_rice_noodles,USABLE_WITH_OPERATOR_REVIEW,USABLE_WITH_OPERATOR_REVIEW,schezwan fried rice,12,13,303.33,280.0,North Indian / FRIED RICE / North Indian / rice & noodles / veg_flag=1.0,chicken fried rice,6,201.0,179,"Usable, but keep operator review before portal update."
P1,34,Pathak Kabab,dry_starter_kabab,USABLE_WITH_OPERATOR_REVIEW,USABLE_WITH_OPERATOR_REVIEW,malai kebab,4,4,170.0,170.0,North Indian / KEBAB / Biryani / tandoori,chicken kabab,1,256.0,219,"Usable, but keep operator review before portal update."
P1,37,Daal Fry,veg_gravy_dal,USABLE_WITH_OPERATOR_REVIEW | SWIGGY_ZOMATO_PRICE_DIVERGENCE_GE_30PCT,USABLE_WITH_OPERATOR_REVIEW,dal fry,95,101,202.84,230.0,Biryani / CURRY / Biryani / veg curries / veg_flag=1.0,dal fry,19,154.0,99,Swiggy/Zomato derived price divergence 108%; keep as review row before offer math.
P1,38,Reshmi Kabab,dry_starter_kabab,USABLE_WITH_OPERATOR_REVIEW,USABLE_WITH_OPERATOR_REVIEW,reshmi kabab,1,1,240.0,240.0,Coastal/Seafood / KEBAB / Biryani / starters & kebabs,kalmi kabab,4,64.0,229,"Usable, but keep operator review before portal update."
P1,39,Chicken Zinger Burger,other,HIGHER_PAY_PRICE_SUPPORTED_REVIEW_PORTION | SWIGGY_ZOMATO_PRICE_DIVERGENCE_GE_30PCT,HIGHER_PAY_PRICE_SUPPORTED_REVIEW_PORTION,chicken 65,294,317,388.72,375.0,Biryani / OTHER DRY STARTERS / Biryani / non-veg starter,chicken 65,28,292.0,319,"Demand supports higher customer pay price than POS, but confirm portal portion/card equivalence. Swiggy/Zomato derived price divergence 74%; keep as review row before offer math."
P1,40,Chilli Chicken,other,HIGHER_PAY_PRICE_SUPPORTED_REVIEW_PORTION,HIGHER_PAY_PRICE_SUPPORTED_REVIEW_PORTION,chilli chicken,111,121,250.72,230.0,North Indian / OTHER DRY STARTERS / Biryani / non veg starters,chicken 65,28,292.0,249,"Demand supports higher customer pay price than POS, but confirm portal portion/card equivalence."
P1,41,Barbeque Chicken (Boona),grill_tandoor,HIGHER_PAY_PRICE_SUPPORTED_REVIEW_PORTION | SWIGGY_ZOMATO_PRICE_DIVERGENCE_GE_30PCT,HIGHER_PAY_PRICE_SUPPORTED_REVIEW_PORTION,barbeque chicken - [half],3,3,449.0,449.0,Biryani / OTHER DRY STARTERS / Biryani / starters,grilled chicken,2,243.0,389,"Demand supports higher customer pay price than POS, but confirm portal portion/card equivalence. Swiggy/Zomato derived price divergence 85%; keep as review row before offer math."
P1,43,Veg Fried Rice,chinese_rice_noodles,DIRECT_EQUIVALENT_PRICE_DIVERGENCE_REVIEW | SWIGGY_ZOMATO_PRICE_DIVERGENCE_GE_30PCT,DIRECT_EQUIVALENT_PRICE_DIVERGENCE_REVIEW,veg fried rice,62,63,274.84,300.0,Biryani / FRIED RICE / Biryani / rice / veg_flag=1.0,veg fried rice,30,127.0,229,"Name match is direct, but platform prices disagree; confirm portion/card before offer math. Swiggy/Zomato derived price divergence 136%; keep as review row before offer math."
P1,44,Lollipop,dry_starter_lollipop,USABLE_WITH_OPERATOR_REVIEW | SWIGGY_ZOMATO_PRICE_DIVERGENCE_GE_30PCT,USABLE_WITH_OPERATOR_REVIEW,chicken lollipop,1,1,200.0,200.0,North Indian / LOLLIPOP / Biryani / special,chicken lollipop,14,159.0,229,Swiggy/Zomato derived price divergence 69%; keep as review row before offer math.
P1,45,Ghee Rice + Dal Fry,combo_rice_curry,USABLE_WITH_OPERATOR_REVIEW,USABLE_WITH_OPERATOR_REVIEW,ghee rice with dal fry,68,85,199.18,149.0,North Indian / OTHER RICE VARIETIES / North Indian / empire special thalis & combos / veg_flag=1.0,dal fry,19,154.0,149,"Usable, but keep operator review before portal update."
P1,46,Mutton Chatpata,mutton_gravy,HIGHER_PAY_PRICE_SUPPORTED_REVIEW_PORTION,HIGHER_PAY_PRICE_SUPPORTED_REVIEW_PORTION,mutton chatpata,3,3,295.0,295.0,North Indian / CURRY / Biryani / non veg main course,mutton masala,13,335.0,299,"Demand supports higher customer pay price than POS, but confirm portal portion/card equivalence."
P1,48,Andhra Tikka,dry_starter_tikka,HIGHER_PAY_PRICE_SUPPORTED_REVIEW_PORTION | SWIGGY_ZOMATO_PRICE_DIVERGENCE_GE_30PCT,HIGHER_PAY_PRICE_SUPPORTED_REVIEW_PORTION,andhra chili chicken tikka,15,18,690.0,575.0,North Indian / TIKKA / North Indian / starter,chicken tikka,13,295.0,299,"Demand supports higher customer pay price than POS, but confirm portal portion/card equivalence. Swiggy/Zomato derived price divergence 88%; keep as review row before offer math."
P1,49,Shawarma,roll_shawarma,HIGHER_PAY_PRICE_SUPPORTED_REVIEW_PORTION | SWIGGY_ZOMATO_PRICE_DIVERGENCE_GE_30PCT,HIGHER_PAY_PRICE_SUPPORTED_REVIEW_PORTION,chicken shawarma roll,2,3,225.0,150.0,North Indian / ROLL / Biryani / rolls,shawarma roll,19,105.0,189,"Demand supports higher customer pay price than POS, but confirm portal portion/card equivalence. Swiggy/Zomato derived price divergence 181%; keep as review row before offer math."
P1,50,Mughlai Chicken,chicken_gravy,USABLE_WITH_OPERATOR_REVIEW | SWIGGY_ZOMATO_PRICE_DIVERGENCE_GE_30PCT,USABLE_WITH_OPERATOR_REVIEW,mughlai chicken,2,2,300.0,200.0,North Indian / CURRY / Biryani / chicken gravy,butter chicken,12,281.0,219,Swiggy/Zomato derived price divergence 40%; keep as review row before offer math.
P1,52,Sprite 740ml,other,USABLE_WITH_OPERATOR_REVIEW | SWIGGY_ZOMATO_PRICE_DIVERGENCE_GE_30PCT,USABLE_WITH_OPERATOR_REVIEW,sprite (250 ml),6,6,30.0,30.0,North Indian / SOFT DRINKS / North Indian / beverage / veg_flag=1.0,sprite [750 ml] [hbh],13,60.0,39,Swiggy/Zomato derived price divergence 100%; keep as review row before offer math.
P1,53,Mutton Sheekh Kabab,dry_starter_kabab,DIRECT_EQUIVALENT_PRICE_DIVERGENCE_REVIEW | SWIGGY_ZOMATO_PRICE_DIVERGENCE_GE_30PCT,DIRECT_EQUIVALENT_PRICE_DIVERGENCE_REVIEW,mutton seekh kebab,22,24,758.18,695.0,North Indian / KEBAB / North Indian / starter,mutton seekh kebab,27,295.0,479,"Name match is direct, but platform prices disagree; confirm portion/card before offer math. Swiggy/Zomato derived price divergence 107%; keep as review row before offer math."
P1,54,Methi Mutton,other,HIGHER_PAY_PRICE_SUPPORTED_REVIEW_PORTION,HIGHER_PAY_PRICE_SUPPORTED_REVIEW_PORTION,methi mutton,3,3,295.0,295.0,North Indian / CURRY / Biryani / non veg main course,special mutton haleem,13,299.0,299,"Demand supports higher customer pay price than POS, but confirm portal portion/card equivalence."
P1,55,Shezwan Mutton,other,HIGHER_PAY_PRICE_SUPPORTED_REVIEW_PORTION | SWIGGY_ZOMATO_PRICE_DIVERGENCE_GE_30PCT,HIGHER_PAY_PRICE_SUPPORTED_REVIEW_PORTION,bhuna mutton,4,4,465.0,465.0,North Indian / CURRY / North Indian / indian,special mutton haleem,13,299.0,359,"Demand supports higher customer pay price than POS, but confirm portal portion/card equivalence. Swiggy/Zomato derived price divergence 34%; keep as review row before offer math."
P1,56,Kadai Paneer,veg_gravy,HIGHER_PAY_PRICE_SUPPORTED_REVIEW_PORTION | SWIGGY_STRONG_ZOMATO_WEAK,HIGHER_PAY_PRICE_SUPPORTED_REVIEW_PORTION,kadai paneer,21,22,279.52,275.0,North Indian / CURRY / North Indian / veg kadai gravys (spicy) / veg_flag=1.0,paneer butter masala,13,250.0,269,"Demand supports higher customer pay price than POS, but confirm portal portion/card equivalence."
P1,57,Jeera rice,rice,DIRECT_EQUIVALENT_PRICE_DIVERGENCE_REVIEW | SWIGGY_ZOMATO_PRICE_DIVERGENCE_GE_30PCT,DIRECT_EQUIVALENT_PRICE_DIVERGENCE_REVIEW,jeera rice,56,60,246.43,250.0,Biryani / OTHER RICE VARIETIES / Biryani / rice / veg_flag=1.0,jeera rice,35,187.0,229,"Name match is direct, but platform prices disagree; confirm portion/card before offer math. Swiggy/Zomato derived price divergence 34%; keep as review row before offer math."
P1,58,Jeera rice,rice,DIRECT_EQUIVALENT_PRICE_DIVERGENCE_REVIEW | SWIGGY_ZOMATO_PRICE_DIVERGENCE_GE_30PCT,DIRECT_EQUIVALENT_PRICE_DIVERGENCE_REVIEW,jeera rice,56,60,246.43,250.0,Biryani / OTHER RICE VARIETIES / Biryani / rice / veg_flag=1.0,jeera rice,35,187.0,229,"Name match is direct, but platform prices disagree; confirm portion/card before offer math. Swiggy/Zomato derived price divergence 34%; keep as review row before offer math."
P1,59,Garlic Naan,bread,HIGHER_PAY_PRICE_SUPPORTED_REVIEW_PORTION,HIGHER_PAY_PRICE_SUPPORTED_REVIEW_PORTION,garlic naan,157,288,110.51,70.0,Biryani / NAAN / Biryani / indian breads / veg_flag=1.0,garlic naan,41,74.0,69,"Demand supports higher customer pay price than POS, but confirm portal portion/card equivalence."
P1,60,Chicken Popcorn Salad,dry_starter_kabab,USABLE_WITH_OPERATOR_REVIEW | SWIGGY_ZOMATO_PRICE_DIVERGENCE_GE_30PCT,USABLE_WITH_OPERATOR_REVIEW,popcorn chicken kebab,112,114,185.04,144.0,North Indian / NUGGETS / North Indian / empire classic dry,popcorn chicken kebab,27,144.0,189,Swiggy/Zomato derived price divergence 78%; keep as review row before offer math.
P1,61,Ghee Rice + Butter Chicken + 2pc Kabab,combo_rice_curry,PORTION_OR_OFFER_GATE_REQUIRED,PORTION_OR_OFFER_GATE_REQUIRED,ghee rice + butter chicken,1,1,179.0,219.0,Coastal/Seafood / CURRY / Biryani / combo meals,ghee rice butter chicken combo,24,186.0,199,"Market volume price is below POS; solve with smaller portion, combo, or offer pay-price, not blind base-price cut."
P1,62,Singapore Chicken,other,DIRECT_EQUIVALENT_PRICE_DIVERGENCE_REVIEW | SWIGGY_ZOMATO_PRICE_DIVERGENCE_GE_30PCT,DIRECT_EQUIVALENT_PRICE_DIVERGENCE_REVIEW,singapore chicken,23,28,450.43,370.0,North Indian / OTHER DRY STARTERS / Biryani / non veg starters,chicken 65,28,292.0,329,"Name match is direct, but platform prices disagree; confirm portion/card before offer math. Swiggy/Zomato derived price divergence 35%; keep as review row before offer math."
P1,63,Mutton Hyderabadi Gravy,mutton_gravy,HIGHER_PAY_PRICE_SUPPORTED_REVIEW_PORTION,HIGHER_PAY_PRICE_SUPPORTED_REVIEW_PORTION,hyderabadi mutton,2,2,270.0,270.0,North Indian / CURRY / Biryani / non veg main course,mutton masala,13,335.0,289,"Demand supports higher customer pay price than POS, but confirm portal portion/card equivalence."
P1,64,Kadai Mutton,mutton_gravy,HIGHER_PAY_PRICE_SUPPORTED_REVIEW_PORTION | SWIGGY_ZOMATO_PRICE_DIVERGENCE_GE_30PCT,HIGHER_PAY_PRICE_SUPPORTED_REVIEW_PORTION,hyderabadi mutton,2,2,270.0,270.0,North Indian / CURRY / Biryani / non veg main course,mutton masala,13,335.0,419,"Demand supports higher customer pay price than POS, but confirm portal portion/card equivalence. Swiggy/Zomato derived price divergence 37%; keep as review row before offer math."
P1,65,Palak Paneer,other,HIGHER_PAY_PRICE_SUPPORTED_REVIEW_PORTION | SWIGGY_STRONG_ZOMATO_WEAK,HIGHER_PAY_PRICE_SUPPORTED_REVIEW_PORTION,palak paneer,34,36,261.76,255.0,North Indian / CURRY / North Indian / north indian gravys / veg_flag=1.0,paneer biryani,3,319.0,249,"Demand supports higher customer pay price than POS, but confirm portal portion/card equivalence."
P1,67,Methi Chicken,other,HIGHER_PAY_PRICE_SUPPORTED_REVIEW_PORTION,HIGHER_PAY_PRICE_SUPPORTED_REVIEW_PORTION,methi chicken,9,10,250.0,225.0,North Indian / CURRY / Biryani / non veg main course,chicken 65,28,292.0,249,"Demand supports higher customer pay price than POS, but confirm portal portion/card equivalence."
P1,68,Mushroom Masala,chicken_gravy,HIGHER_PAY_PRICE_SUPPORTED_REVIEW_PORTION | SWIGGY_STRONG_ZOMATO_WEAK,HIGHER_PAY_PRICE_SUPPORTED_REVIEW_PORTION,mushroom masala,34,38,398.09,370.0,Biryani / CURRY / Biryani / veg curries / veg_flag=1.0,mushroom biryani,13,303.0,249,"Demand supports higher customer pay price than POS, but confirm portal portion/card equivalence."
P1,69,Shezwan Noodles,other,USABLE_WITH_OPERATOR_REVIEW,USABLE_WITH_OPERATOR_REVIEW,veg schezwan noodles,8,8,105.0,105.0,North Indian / NOODLES / Biryani / noodles / veg_flag=1.0,chicken noodles,18,216.0,179,"Usable, but keep operator review before portal update."
P1,70,Egg Roll,roll_shawarma,USABLE_WITH_OPERATOR_REVIEW | SWIGGY_STRONG_ZOMATO_WEAK,USABLE_WITH_OPERATOR_REVIEW,egg roll,3,3,75.0,75.0,North Indian / ROLL / Biryani / rolls / veg_flag=2.0,chicken roll,15,137.0,79,"Usable, but keep operator review before portal update."
P1,71,Pathiri Roti,bread,HIGHER_PAY_PRICE_SUPPORTED_REVIEW_PORTION | SWIGGY_ZOMATO_PRICE_DIVERGENCE_GE_30PCT,HIGHER_PAY_PRICE_SUPPORTED_REVIEW_PORTION,roti,80,214,133.12,55.0,North Indian / ROTI / North Indian / indian breads / veg_flag=1.0,tandoori roti,26,46.0,49,"Demand supports higher customer pay price than POS, but confirm portal portion/card equivalence. Swiggy/Zomato derived price divergence 45%; keep as review row before offer math."
P1,72,Chicken Saagwala,other,DIRECT_EQUIVALENT_PRICE_DIVERGENCE_REVIEW | SWIGGY_ZOMATO_PRICE_DIVERGENCE_GE_30PCT,DIRECT_EQUIVALENT_PRICE_DIVERGENCE_REVIEW,chicken saagwala,4,4,435.0,435.0,North Indian / CURRY / North Indian / indian,chicken 65,28,292.0,389,"Name match is direct, but platform prices disagree; confirm portion/card before offer math. Swiggy/Zomato derived price divergence 49%; keep as review row before offer math."
P1,73,Malai Tikka,dry_starter_tikka,DIRECT_EQUIVALENT_PRICE_DIVERGENCE_REVIEW | SWIGGY_ZOMATO_PRICE_DIVERGENCE_GE_30PCT,DIRECT_EQUIVALENT_PRICE_DIVERGENCE_REVIEW,murgh malai tikka,5,7,755.0,585.0,North Indian / TIKKA / North Indian / barbecue grills,chicken malai tikka,31,390.0,499,"Name match is direct, but platform prices disagree; confirm portion/card before offer math. Swiggy/Zomato derived price divergence 50%; keep as review row before offer math."
P1,74,Punjabi Chicken,other,DIRECT_EQUIVALENT_PRICE_DIVERGENCE_REVIEW | SWIGGY_ZOMATO_PRICE_DIVERGENCE_GE_30PCT,DIRECT_EQUIVALENT_PRICE_DIVERGENCE_REVIEW,punjabi chicken,4,4,185.0,185.0,North Indian / CURRY / North Indian / non veg gravy [chicken & mutton],chicken 65,28,292.0,219,"Name match is direct, but platform prices disagree; confirm portion/card before offer math. Swiggy/Zomato derived price divergence 51%; keep as review row before offer math."
P1,75,Ghee Rice + Dal Fry + 2pc Kabab,combo_rice_curry,PORTION_OR_OFFER_GATE_REQUIRED,PORTION_OR_OFFER_GATE_REQUIRED,ghee rice with dal fry,68,85,199.18,149.0,North Indian / OTHER RICE VARIETIES / North Indian / empire special thalis & combos / veg_flag=1.0,ghee rice butter chicken combo,24,186.0,149,"Market volume price is below POS; solve with smaller portion, combo, or offer pay-price, not blind base-price cut."
P1,76,Chicken Doner Salad,other,HIGHER_PAY_PRICE_SUPPORTED_REVIEW_PORTION | SWIGGY_ZOMATO_PRICE_DIVERGENCE_GE_30PCT,HIGHER_PAY_PRICE_SUPPORTED_REVIEW_PORTION,chicken special,13,14,236.92,220.0,North Indian / OTHER DRY STARTERS / Biryani / non veg starters,chicken 65,28,292.0,319,"Demand supports higher customer pay price than POS, but confirm portal portion/card equivalence. Swiggy/Zomato derived price divergence 74%; keep as review row before offer math."
P1,77,Thethar Pepper Dry,other,PORTION_OR_OFFER_GATE_REQUIRED | SWIGGY_ZOMATO_PRICE_DIVERGENCE_GE_30PCT,PORTION_OR_OFFER_GATE_REQUIRED,paneer pepper dry,17,17,249.41,260.0,North Indian / OTHER DRY STARTERS / North Indian / starters / veg_flag=1.0,pepper chicken dry boneless,21,149.0,199,"Market volume price is below POS; solve with smaller portion, combo, or offer pay-price, not blind base-price cut. Swiggy/Zomato derived price divergence 48%; keep as review row before offer math."
P1,78,Daal Tadka,veg_gravy_dal,HIGHER_PAY_PRICE_SUPPORTED_REVIEW_PORTION,HIGHER_PAY_PRICE_SUPPORTED_REVIEW_PORTION,dal tadka,16,17,341.25,330.0,North Indian / CURRY / North Indian / dal / veg_flag=1.0,dal tadka,30,209.0,249,"Demand supports higher customer pay price than POS, but confirm portal portion/card equivalence."
P1,79,Grill Chicken,grill_tandoor,DIRECT_EQUIVALENT_PRICE_DIVERGENCE_REVIEW | SWIGGY_ZOMATO_PRICE_DIVERGENCE_GE_30PCT,DIRECT_EQUIVALENT_PRICE_DIVERGENCE_REVIEW,grill chicken,96,100,284.38,210.0,North Indian / OTHER DRY STARTERS / Biryani / arabian barbeque,grill chicken,43,289.0,229,"Name match is direct, but platform prices disagree; confirm portion/card before offer math. Swiggy/Zomato derived price divergence 38%; keep as review row before offer math."
P1,80,Chicken Kali Mirch,other,HIGHER_PAY_PRICE_SUPPORTED_REVIEW_PORTION,HIGHER_PAY_PRICE_SUPPORTED_REVIEW_PORTION,chicken kali mirch,2,2,230.0,230.0,North Indian / CURRY / Biryani / non veg main course,chicken 65,28,292.0,249,"Demand supports higher customer pay price than POS, but confirm portal portion/card equivalence."
P2,81,Ghee Rice + Mutton Chatpata + 2pc Kabab,combo,WEAK_MAPPING_DO_NOT_PRICE_FROM_THIS | SWIGGY_ZOMATO_PRICE_DIVERGENCE_GE_30PCT,WEAK_MAPPING_DO_NOT_PRICE_FROM_THIS,ghee rice with mutton butter masala - combo,1,1,289.0,289.0,Biryani / OTHER RICE VARIETIES / Biryani / ipl combos,mutton biryani + 2 pieces kebab+ coke [250 ml],13,365.0,249,Do not use for final price without manual/operator evidence. Swiggy/Zomato derived price divergence 82%; keep as review row before offer math.
P2,82,Fried Chicken — 2 Pcs,other,HIGHER_PAY_PRICE_SUPPORTED_REVIEW_PORTION | SWIGGY_ZOMATO_PRICE_DIVERGENCE_GE_30PCT,HIGHER_PAY_PRICE_SUPPORTED_REVIEW_PORTION,chicken 65 [5 pcs],4,5,246.75,199.0,Biryani / OTHER DRY STARTERS / Biryani / chicken starters,chicken 65,28,292.0,329,"Demand supports higher customer pay price than POS, but confirm portal portion/card equivalence. Swiggy/Zomato derived price divergence 51%; keep as review row before offer math."
P2,83,Fried Chicken — 4 Pcs,other,USABLE_WITH_OPERATOR_REVIEW | SWIGGY_ZOMATO_PRICE_DIVERGENCE_GE_30PCT,USABLE_WITH_OPERATOR_REVIEW,chicken 65 [5 pcs],4,5,246.75,199.0,Biryani / OTHER DRY STARTERS / Biryani / chicken starters,chicken 65,28,292.0,329,Swiggy/Zomato derived price divergence 51%; keep as review row before offer math.
P2,84,Fried Chicken — 1 Pc,other,HIGHER_PAY_PRICE_SUPPORTED_REVIEW_PORTION | SWIGGY_ZOMATO_PRICE_DIVERGENCE_GE_30PCT,HIGHER_PAY_PRICE_SUPPORTED_REVIEW_PORTION,chicken 65 [5 pcs],4,5,246.75,199.0,Biryani / OTHER DRY STARTERS / Biryani / chicken starters,chicken 65,28,292.0,329,"Demand supports higher customer pay price than POS, but confirm portal portion/card equivalence. Swiggy/Zomato derived price divergence 34%; keep as review row before offer math."
P2,85,Veg Noodles,other,DIRECT_EQUIVALENT_PRICE_DIVERGENCE_REVIEW | SWIGGY_ZOMATO_PRICE_DIVERGENCE_GE_30PCT,DIRECT_EQUIVALENT_PRICE_DIVERGENCE_REVIEW,veg noodles,9,9,115.0,115.0,North Indian / NOODLES / Biryani / noodles / veg_flag=1.0,veg noodles,36,127.0,219,"Name match is direct, but platform prices disagree; confirm portion/card before offer math. Swiggy/Zomato derived price divergence 120%; keep as review row before offer math."
P2,86,Kadai Chicken,chicken_gravy,DIRECT_EQUIVALENT_PRICE_DIVERGENCE_REVIEW | SWIGGY_ZOMATO_PRICE_DIVERGENCE_GE_30PCT,DIRECT_EQUIVALENT_PRICE_DIVERGENCE_REVIEW,kadai chicken,4,4,219.0,204.0,Chinese/Pan-Asian / CURRY / North Indian / mutton & chicken gravy items,boneless kadai chicken,34,366.0,269,"Name match is direct, but platform prices disagree; confirm portion/card before offer math. Swiggy/Zomato derived price divergence 79%; keep as review row before offer math."
P2,87,Chicken Kolhapuri Gravy,other,USABLE_WITH_OPERATOR_REVIEW,USABLE_WITH_OPERATOR_REVIEW,chicken kolhapuri gravy,1,1,210.0,210.0,Coastal/Seafood / CURRY / Biryani / chicken curries,chicken 65,28,292.0,229,"Usable, but keep operator review before portal update."
P2,88,Classic Chicken Burger,other,HIGHER_PAY_PRICE_SUPPORTED_REVIEW_PORTION | SWIGGY_ZOMATO_PRICE_DIVERGENCE_GE_30PCT,HIGHER_PAY_PRICE_SUPPORTED_REVIEW_PORTION,chimichurri chicken burger,1,1,249.0,249.0,Burgers/American / BURGER / Biryani / chimichurri burgers,chicken 65,28,292.0,329,"Demand supports higher customer pay price than POS, but confirm portal portion/card equivalence. Swiggy/Zomato derived price divergence 51%; keep as review row before offer math."
P2,89,Mutton Fried Rice,chinese_rice_noodles,USABLE_WITH_OPERATOR_REVIEW,USABLE_WITH_OPERATOR_REVIEW,egg fried rice,85,93,319.41,310.0,Biryani / FRIED RICE / Biryani / rice,veg fried rice,30,127.0,199,"Usable, but keep operator review before portal update."
P2,90,[HE-CM01-3] CM1 For Three — Rice+Roti+Kabab+BC,combo,WEAK_MAPPING_DO_NOT_PRICE_FROM_THIS,WEAK_MAPPING_DO_NOT_PRICE_FROM_THIS,biryani rice with chicken kabab,8,9,191.25,170.0,North Indian / BIRYANI / Biryani / non veg combos,boneless chicken biryani + 2 pieces kebab + coke [250 ml],3,335.0,159,Do not use for final price without manual/operator evidence.
P2,91,Prawns Fried Rice,chinese_rice_noodles,PORTION_OR_OFFER_GATE_REQUIRED | SWIGGY_ZOMATO_PRICE_DIVERGENCE_GE_30PCT,PORTION_OR_OFFER_GATE_REQUIRED,prawns fried rice,7,8,171.43,150.0,North Indian / FRIED RICE / Biryani / seafood specials,veg fried rice,30,127.0,159,"Market volume price is below POS; solve with smaller portion, combo, or offer pay-price, not blind base-price cut. Swiggy/Zomato derived price divergence 34%; keep as review row before offer math."
P2,92,Mix Fried Rice,chinese_rice_noodles,USABLE_WITH_OPERATOR_REVIEW | SWIGGY_ZOMATO_PRICE_DIVERGENCE_GE_30PCT,USABLE_WITH_OPERATOR_REVIEW,mix veg fried rice,4,4,270.0,270.0,North Indian / FRIED RICE / North Indian / rice & noodles / veg_flag=1.0,veg fried rice,30,127.0,249,Swiggy/Zomato derived price divergence 34%; keep as review row before offer math.
P2,93,Rice with Chicken Popcorn,combo,USABLE_WITH_OPERATOR_REVIEW | SWIGGY_ZOMATO_PRICE_DIVERGENCE_GE_30PCT,USABLE_WITH_OPERATOR_REVIEW,ghee rice with 555 chicken boneless,1,1,229.0,229.0,Biryani / OTHER RICE VARIETIES / Biryani / ipl combos,ghee rice butter chicken combo,24,186.0,199,Swiggy/Zomato derived price divergence 31%; keep as review row before offer math.
P2,94,[HE-CM01-1] CM1 For You — Rice+Roti+Kabab+BC,combo,WEAK_MAPPING_DO_NOT_PRICE_FROM_THIS,WEAK_MAPPING_DO_NOT_PRICE_FROM_THIS,biryani rice + chicken kabab,1,1,219.0,219.0,Coastal/Seafood / BIRYANI / Biryani / combo meals,boneless chicken biryani + 2 pieces kebab + coke [250 ml],3,335.0,159,Do not use for final price without manual/operator evidence.
P2,95,[HE-CM01-2] CM1 For Two — Rice+Roti+Kabab+BC,combo,WEAK_MAPPING_DO_NOT_PRICE_FROM_THIS,WEAK_MAPPING_DO_NOT_PRICE_FROM_THIS,biryani rice + chicken kabab,1,1,219.0,219.0,Coastal/Seafood / BIRYANI / Biryani / combo meals,boneless chicken biryani + 2 pieces kebab + coke [250 ml],3,335.0,369,Do not use for final price without manual/operator evidence.
P2,96,Mutton Chops,dry_starter_kabab,HIGHER_PAY_PRICE_SUPPORTED_REVIEW_PORTION | SWIGGY_ZOMATO_PRICE_DIVERGENCE_GE_30PCT,HIGHER_PAY_PRICE_SUPPORTED_REVIEW_PORTION,mutton chops,2,2,230.0,230.0,Coastal/Seafood / KEBAB / Biryani / starters & kebabs,mutton seekh kebab,27,295.0,649,"Demand supports higher customer pay price than POS, but confirm portal portion/card equivalence. Swiggy/Zomato derived price divergence 169%; keep as review row before offer math."
P2,97,Egg Biryani,biryani,DIRECT_EQUIVALENT_PRICE_DIVERGENCE_REVIEW | SWIGGY_ZOMATO_PRICE_DIVERGENCE_GE_30PCT,DIRECT_EQUIVALENT_PRICE_DIVERGENCE_REVIEW,egg biryani,132,143,369.02,340.0,Biryani / BIRYANI / Biryani / non-veg biriyani,egg biryani,49,255.0,299,"Name match is direct, but platform prices disagree; confirm portion/card before offer math. Swiggy/Zomato derived price divergence 33%; keep as review row before offer math."
P2,98,Krispy Popcorn (L),dry_starter_kabab,WEAK_MAPPING_DO_NOT_PRICE_FROM_THIS,WEAK_MAPPING_DO_NOT_PRICE_FROM_THIS,popcorn chicken kebab,112,114,185.04,144.0,North Indian / NUGGETS / North Indian / empire classic dry,popcorn chicken kebab,27,144.0,149,Do not use for final price without manual/operator evidence.
P2,99,Krispy Popcorn (M),dry_starter_kabab,WEAK_MAPPING_DO_NOT_PRICE_FROM_THIS,WEAK_MAPPING_DO_NOT_PRICE_FROM_THIS,popcorn chicken kebab,112,114,185.04,144.0,North Indian / NUGGETS / North Indian / empire classic dry,popcorn chicken kebab,27,144.0,149,Do not use for final price without manual/operator evidence.
P2,100,Krispy Popcorn (S),dry_starter_kabab,WEAK_MAPPING_DO_NOT_PRICE_FROM_THIS,WEAK_MAPPING_DO_NOT_PRICE_FROM_THIS,popcorn chicken kebab,112,114,185.04,144.0,North Indian / NUGGETS / North Indian / empire classic dry,popcorn chicken kebab,27,144.0,149,Do not use for final price without manual/operator evidence.
P2,101,Family Combo (8pcs FC + Fries + 4 Bun + Mayo + Soft Drinks),combo,NO_EXTERNAL_CONTEXT,NO_EXTERNAL_CONTEXT,chicken combo 8,25,37,488.4,330.0,North Indian / OTHER DRY STARTERS / Biryani / non veg combos,bucket biryani combo [serves 2],13,749.0,,Do not use for final price without manual/operator evidence.
P2,102,Gobi Masala,chicken_gravy,PORTION_OR_OFFER_GATE_REQUIRED | SWIGGY_STRONG_ZOMATO_WEAK,PORTION_OR_OFFER_GATE_REQUIRED,gobi masala,2,2,80.0,80.0,North Indian / CURRY / Biryani / veg gravy / veg_flag=1.0,mutton masala,13,335.0,79,"Market volume price is below POS; solve with smaller portion, combo, or offer pay-price, not blind base-price cut."
P2,103,Thethar Pepper Roast,other,USABLE_WITH_OPERATOR_REVIEW | SWIGGY_ZOMATO_PRICE_DIVERGENCE_GE_30PCT,USABLE_WITH_OPERATOR_REVIEW,kerala mutton pepper roast,4,4,625.0,625.0,North Indian / OTHER DRY STARTERS / North Indian / non vegetarian starters,pepper chicken,23,270.0,369,Swiggy/Zomato derived price divergence 76%; keep as review row before offer math.
P2,104,Duet Combo (2pcs FC + Fries + Bun + Mayo + 1 Soft Drink),combo,NO_EXTERNAL_CONTEXT,NO_EXTERNAL_CONTEXT,veg combo 2,1,1,290.0,290.0,North Indian / CURRY / Biryani / veg combos / veg_flag=1.0,bucket biryani combo [serves 2],13,749.0,,Do not use for final price without manual/operator evidence.
P2,105,Regular Combo (4pcs FC + Fries + 2 Bun + Mayo + Soft Drinks),combo,NO_EXTERNAL_CONTEXT,NO_EXTERNAL_CONTEXT,veg combo 2,1,1,290.0,290.0,North Indian / CURRY / Biryani / veg combos / veg_flag=1.0,bucket biryani combo [serves 2],13,749.0,,Do not use for final price without manual/operator evidence.
P2,106,Water 500ml,other,HIGHER_PAY_PRICE_SUPPORTED_REVIEW_PORTION,HIGHER_PAY_PRICE_SUPPORTED_REVIEW_PORTION,water melon,3,4,160.0,120.0,South Indian / JUICE / North Indian / fresh fruit juice / veg_flag=1.0,sprite [750 ml] [hbh],13,60.0,29,"Demand supports higher customer pay price than POS, but confirm portal portion/card equivalence."
P2,107,Mixed Veg Curry,veg_gravy,HIGHER_PAY_PRICE_SUPPORTED_REVIEW_PORTION | SWIGGY_STRONG_ZOMATO_WEAK,HIGHER_PAY_PRICE_SUPPORTED_REVIEW_PORTION,mixed veg curry,3,3,250.0,250.0,South Indian / CURRY / North Indian / main course / veg_flag=1.0,spl veg biryani,17,326.0,249,"Demand supports higher customer pay price than POS, but confirm portal portion/card equivalence."
P2,108,Cold drink - 500ml,other,WEAK_MAPPING_DO_NOT_PRICE_FROM_THIS,WEAK_MAPPING_DO_NOT_PRICE_FROM_THIS,rasam 500ml,7,9,64.29,50.0,South Indian / RASAM / North Indian / car parking / veg_flag=1.0,milagu rasam - 450 ml,13,127.0,49,Do not use for final price without manual/operator evidence.
P2,109,Party Combo (12pcs FC + Fries + 6 Bun + Mayo + Soft Drinks),combo,NO_EXTERNAL_CONTEXT,NO_EXTERNAL_CONTEXT,paneer tikka bun kabab combo,1,1,245.0,245.0,KEBAB / North Indian / canteen corner- street combos / veg_flag=1.0,bucket biryani combo [serves 2],13,749.0,,Do not use for final price without manual/operator evidence.
P2,110,American Chops,dry_starter_kabab,WEAK_MAPPING_DO_NOT_PRICE_FROM_THIS,WEAK_MAPPING_DO_NOT_PRICE_FROM_THIS,mutton chops,2,2,230.0,230.0,Coastal/Seafood / KEBAB / Biryani / starters & kebabs,kalmi kabab,4,64.0,479,Do not use for final price without manual/operator evidence.
P2,111,Plain Rice,other,HIGHER_PAY_PRICE_SUPPORTED_REVIEW_PORTION | SWIGGY_ZOMATO_PRICE_DIVERGENCE_GE_30PCT | SWIGGY_STRONG_ZOMATO_WEAK,HIGHER_PAY_PRICE_SUPPORTED_REVIEW_PORTION,plain rice,7,8,108.57,95.0,North Indian / OTHER RICE VARIETIES / Biryani / rice and biryani / veg_flag=1.0,curd rice,34,140.0,99,"Demand supports higher customer pay price than POS, but confirm portal portion/card equivalence. Swiggy/Zomato derived price divergence 49%; keep as review row before offer math."
P2,112,Veg Kofta,other,HIGHER_PAY_PRICE_SUPPORTED_REVIEW_PORTION | SWIGGY_ZOMATO_PRICE_DIVERGENCE_GE_30PCT,HIGHER_PAY_PRICE_SUPPORTED_REVIEW_PORTION,veg kofta,6,6,310.0,310.0,North Indian / CURRY / North Indian / north indian / veg_flag=1.0,veg noodles,36,127.0,289,"Demand supports higher customer pay price than POS, but confirm portal portion/card equivalence. Swiggy/Zomato derived price divergence 40%; keep as review row before offer math."
P2,113,Cold drink - 250ml,other,WEAK_MAPPING_DO_NOT_PRICE_FROM_THIS,WEAK_MAPPING_DO_NOT_PRICE_FROM_THIS,cold badam milk,1,1,95.0,95.0,North Indian / MILK / North Indian / milk shakes / veg_flag=1.0,milagu rasam - 450 ml,13,127.0,129,Do not use for final price without manual/operator evidence.
P2,114,Mix Noodles,other,PORTION_OR_OFFER_GATE_REQUIRED | SWIGGY_ZOMATO_PRICE_DIVERGENCE_GE_30PCT,PORTION_OR_OFFER_GATE_REQUIRED,egg noodles,13,13,120.0,120.0,North Indian / NOODLES / Biryani / noodles / veg_flag=2.0,veg noodles,36,127.0,129,"Market volume price is below POS; solve with smaller portion, combo, or offer pay-price, not blind base-price cut. Swiggy/Zomato derived price divergence 38%; keep as review row before offer math."
P2,115,Hamza Special,other,USABLE_WITH_OPERATOR_REVIEW | SWIGGY_STRONG_ZOMATO_WEAK,USABLE_WITH_OPERATOR_REVIEW,mutton hamza special,1,1,250.0,250.0,Coastal/Seafood / CURRY / Biryani / mutton special,special mutton haleem,13,299.0,249,"Usable, but keep operator review before portal update."
P2,116,Chicken Tikka Roll,roll_shawarma,HIGHER_PAY_PRICE_SUPPORTED_REVIEW_PORTION,HIGHER_PAY_PRICE_SUPPORTED_REVIEW_PORTION,chicken tikka & egg roll,1,1,345.0,345.0,TIKKA / North Indian / canteen corner- street combos,chicken tikka roll,41,255.0,129,"Demand supports higher customer pay price than POS, but confirm portal portion/card equivalence."
P2,117,Haryali Tikka,dry_starter_tikka,DIRECT_EQUIVALENT_PRICE_DIVERGENCE_REVIEW | SWIGGY_ZOMATO_PRICE_DIVERGENCE_GE_30PCT,DIRECT_EQUIVALENT_PRICE_DIVERGENCE_REVIEW,hariyali tikka,4,4,180.0,180.0,North Indian / TIKKA / Biryani / tandoori,boneless hariyali tikka,42,192.0,269,"Name match is direct, but platform prices disagree; confirm portion/card before offer math. Swiggy/Zomato derived price divergence 67%; keep as review row before offer math."
P2,118,Chicken Hyderabadi Gravy,chicken_gravy,USABLE_WITH_OPERATOR_REVIEW | SWIGGY_ZOMATO_PRICE_DIVERGENCE_GE_30PCT,USABLE_WITH_OPERATOR_REVIEW,hyderabadi chicken boneless gravy,3,3,269.67,179.0,North Indian / CURRY / North Indian / empire special non veg gravies,boneless hyderabadi chicken,38,366.0,219,Swiggy/Zomato derived price divergence 40%; keep as review row before offer math.
P2,119,Malai Kofta,other,HIGHER_PAY_PRICE_SUPPORTED_REVIEW_PORTION | SWIGGY_STRONG_ZOMATO_WEAK,HIGHER_PAY_PRICE_SUPPORTED_REVIEW_PORTION,malai kofta,8,8,310.0,310.0,North Indian / CURRY / North Indian / north indian / veg_flag=1.0,raita,27,26.0,459,"Demand supports higher customer pay price than POS, but confirm portal portion/card equivalence."
P2,120,Mutton Hamza Special,other,USABLE_WITH_OPERATOR_REVIEW,USABLE_WITH_OPERATOR_REVIEW,mutton hamza special,1,1,250.0,250.0,Coastal/Seafood / CURRY / Biryani / mutton special,mutton haleem (gosht),36,379.0,269,"Usable, but keep operator review before portal update."
P2,121,Test product,other,NO_EXTERNAL_CONTEXT,NO_EXTERNAL_CONTEXT,wheat parota,3,4,29.33,22.0,North Indian / PAROTTA / Biryani / roti / veg_flag=1.0,dried papad,13,35.0,,Do not use for final price without manual/operator evidence.
P2,122,Test product 2,other,NO_EXTERNAL_CONTEXT,NO_EXTERNAL_CONTEXT,wheat parota,3,4,29.33,22.0,North Indian / PAROTTA / Biryani / roti / veg_flag=1.0,dried papad,13,35.0,,Do not use for final price without manual/operator evidence.
P2,123,Prawns Noodles,other,PORTION_OR_OFFER_GATE_REQUIRED | SWIGGY_ZOMATO_PRICE_DIVERGENCE_GE_30PCT | SWIGGY_STRONG_ZOMATO_WEAK,PORTION_OR_OFFER_GATE_REQUIRED,prawns noodles,1,1,160.0,160.0,North Indian / NOODLES / Biryani / noodles,veg noodles,36,127.0,179,"Market volume price is below POS; solve with smaller portion, combo, or offer pay-price, not blind base-price cut. Swiggy/Zomato derived price divergence 35%; keep as review row before offer math."
P2,124,[HE-CM05-3] CM5 For Three — Rice+BC+Naan,combo,WEAK_MAPPING_DO_NOT_PRICE_FROM_THIS,WEAK_MAPPING_DO_NOT_PRICE_FROM_THIS,kadhi with rice,33,33,200.0,200.0,Chaat/Street Food/Mithai / CURRY / North Indian / natraj specials / veg_flag=1.0,ghee rice butter chicken combo,24,186.0,199,Do not use for final price without manual/operator evidence.
P2,125,[HE-CM05-2] CM5 For Two — Rice+BC+Naan,combo,NO_EXTERNAL_CONTEXT,NO_EXTERNAL_CONTEXT,kadhi with rice,33,33,200.0,200.0,Chaat/Street Food/Mithai / CURRY / North Indian / natraj specials / veg_flag=1.0,ghee rice butter chicken combo,24,186.0,,Do not use for final price without manual/operator evidence.
P2,126,Paneer Roll,roll_shawarma,HIGHER_PAY_PRICE_SUPPORTED_REVIEW_PORTION | SWIGGY_STRONG_ZOMATO_WEAK,HIGHER_PAY_PRICE_SUPPORTED_REVIEW_PORTION,paneer roll,14,18,167.14,130.0,North Indian / ROLL / Biryani / rolls / veg_flag=1.0,karim roll,43,295.0,119,"Demand supports higher customer pay price than POS, but confirm portal portion/card equivalence."
P2,127,[HE-CM05-1] CM5 For You — Rice+BC+Naan,combo,NO_EXTERNAL_CONTEXT,NO_EXTERNAL_CONTEXT,kadhi with rice,33,33,200.0,200.0,Chaat/Street Food/Mithai / CURRY / North Indian / natraj specials / veg_flag=1.0,ghee rice butter chicken combo,24,186.0,,Do not use for final price without manual/operator evidence.
P2,128,Delivery Charges,other,NO_EXTERNAL_CONTEXT,NO_EXTERNAL_CONTEXT,paneer achari,1,1,320.0,320.0,North Indian / OTHERS / North Indian / north indian / veg_flag=1.0,pepper chicken,23,270.0,,Do not use for final price without manual/operator evidence.
P2,129,Loaded Fries,other,HIGHER_PAY_PRICE_SUPPORTED_REVIEW_PORTION,HIGHER_PAY_PRICE_SUPPORTED_REVIEW_PORTION,chicken loaded french fries,10,11,273.9,249.0,Arabic/Middleeast/Mediterranean / FRIES / Biryani / wings & fries,broasted chicken.,32,275.0,249,"Demand supports higher customer pay price than POS, but confirm portal portion/card equivalence."
P2,130,Chapathi,other,HIGHER_PAY_PRICE_SUPPORTED_REVIEW_PORTION | SWIGGY_ZOMATO_PRICE_DIVERGENCE_GE_30PCT | SWIGGY_STRONG_ZOMATO_WEAK,HIGHER_PAY_PRICE_SUPPORTED_REVIEW_PORTION,chapathi,16,44,134.75,49.0,Biryani / ROTI / Biryani / breads & parottas / veg_flag=1.0,chapati,43,28.0,39,"Demand supports higher customer pay price than POS, but confirm portal portion/card equivalence. Swiggy/Zomato derived price divergence 75%; keep as review row before offer math."
P2,131,Extra Mayo,other,WEAK_MAPPING_DO_NOT_PRICE_FROM_THIS | SWIGGY_ZOMATO_PRICE_DIVERGENCE_GE_30PCT,WEAK_MAPPING_DO_NOT_PRICE_FROM_THIS,extra salad,77,86,22.34,20.0,Chaat/Street Food/Mithai / SALAD / North Indian / extras / veg_flag=1.0,extra mandi rice,48,269.0,119,Do not use for final price without manual/operator evidence. Swiggy/Zomato derived price divergence 498%; keep as review row before offer math.
P2,132,[HE-CM02-1] CM2 For You — Rice+Dal+Brain+Kulcha,combo_rice_curry,NO_EXTERNAL_CONTEXT,NO_EXTERNAL_CONTEXT,ghee rice with mutton butter masala - combo,1,1,289.0,289.0,Biryani / OTHER RICE VARIETIES / Biryani / ipl combos,kulcha,23,39.0,,Do not use for final price without manual/operator evidence.
P2,133,[HE-CM02-2] CM2 For Two — Rice+Dal+Brain+Kulcha,combo_rice_curry,NO_EXTERNAL_CONTEXT,NO_EXTERNAL_CONTEXT,ghee rice with mutton butter masala - combo,1,1,289.0,289.0,Biryani / OTHER RICE VARIETIES / Biryani / ipl combos,kulcha,23,39.0,,Do not use for final price without manual/operator evidence.
P2,134,[HE-CM02-3] CM2 For Three — Rice+Dal+Brain+Kulcha,combo_rice_curry,NO_EXTERNAL_CONTEXT,NO_EXTERNAL_CONTEXT,ghee rice with mutton butter masala - combo,1,1,289.0,289.0,Biryani / OTHER RICE VARIETIES / Biryani / ipl combos,kulcha,23,39.0,,Do not use for final price without manual/operator evidence.
P2,135,Mutton Brain,other,HIGHER_PAY_PRICE_SUPPORTED_REVIEW_PORTION,HIGHER_PAY_PRICE_SUPPORTED_REVIEW_PORTION,mutton brain fry,14,14,267.86,250.0,North Indian / OTHER DRY STARTERS / Biryani / special,mutton burra,47,475.0,269,"Demand supports higher customer pay price than POS, but confirm portal portion/card equivalence."
P2,136,Cheesy Fries,other,USABLE_WITH_OPERATOR_REVIEW | SWIGGY_STRONG_ZOMATO_WEAK,USABLE_WITH_OPERATOR_REVIEW,cheesy fries,2,2,159.0,159.0,Burgers/American / FRIES / Biryani / fries & sides / veg_flag=1.0,curd rice,34,140.0,159,"Usable, but keep operator review before portal update."
P2,137,Mutton Rogan Josh,other,HIGHER_PAY_PRICE_SUPPORTED_REVIEW_PORTION,HIGHER_PAY_PRICE_SUPPORTED_REVIEW_PORTION,mutton rogan josh,11,11,295.0,295.0,North Indian / CURRY / Biryani / non veg main course,mutton burra,47,475.0,299,"Demand supports higher customer pay price than POS, but confirm portal portion/card equivalence."
P2,138,Mutton Pepper Dry,other,USABLE_WITH_OPERATOR_REVIEW | SWIGGY_ZOMATO_PRICE_DIVERGENCE_GE_30PCT,USABLE_WITH_OPERATOR_REVIEW,mutton pepper dry,11,11,252.36,205.0,North Indian / OTHER DRY STARTERS / North Indian / empire classic dry,mutton burra,47,475.0,229,Swiggy/Zomato derived price divergence 46%; keep as review row before offer math.
P2,139,Water 1 Liter,other,WEAK_MAPPING_DO_NOT_PRICE_FROM_THIS,WEAK_MAPPING_DO_NOT_PRICE_FROM_THIS,water bottle (1 ltr),2,2,24.0,24.0,Chinese/Pan-Asian / BOTTLED WATER / North Indian / cooldrinks / veg_flag=1.0,broasted chicken.,32,275.0,29,Do not use for final price without manual/operator evidence.
P2,140,Other Charges,other,NO_EXTERNAL_CONTEXT,NO_EXTERNAL_CONTEXT,cottage cheese,1,1,320.0,320.0,North Indian / OTHERS / North Indian / maxican & continental / veg_flag=1.0,broasted chicken.,32,275.0,,Do not use for final price without manual/operator evidence.
P2,141,Chicken Chatpata,chicken_gravy,USABLE_WITH_OPERATOR_REVIEW,USABLE_WITH_OPERATOR_REVIEW,chicken chatpata,8,8,230.0,230.0,North Indian / CURRY / Biryani / non veg main course,chicken korma,47,270.0,249,"Usable, but keep operator review before portal update."
P2,142,Cold drink - 1Litre,other,WEAK_MAPPING_DO_NOT_PRICE_FROM_THIS,WEAK_MAPPING_DO_NOT_PRICE_FROM_THIS,cold coffee,2,2,133.0,133.0,North Indian / COLD COFFEE / North Indian / thickshakes / veg_flag=1.0,curd rice,34,140.0,129,Do not use for final price without manual/operator evidence.
P2,143,Mutton Brain Dry,other,HIGHER_PAY_PRICE_SUPPORTED_REVIEW_PORTION,HIGHER_PAY_PRICE_SUPPORTED_REVIEW_PORTION,mutton dry,8,8,280.0,280.0,North Indian / DRY MAIN COURSE / Biryani / non veg starters,mutton burra,47,475.0,279,"Demand supports higher customer pay price than POS, but confirm portal portion/card equivalence."
P2,144,Mutton Gurda Dry,other,HIGHER_PAY_PRICE_SUPPORTED_REVIEW_PORTION,HIGHER_PAY_PRICE_SUPPORTED_REVIEW_PORTION,mutton dry,8,8,280.0,280.0,North Indian / DRY MAIN COURSE / Biryani / non veg starters,mutton burra,47,475.0,279,"Demand supports higher customer pay price than POS, but confirm portal portion/card equivalence."
P2,145,[HE-CM03-3] CM3 For Three — Rice+Dal,combo_rice_curry,WEAK_MAPPING_DO_NOT_PRICE_FROM_THIS,WEAK_MAPPING_DO_NOT_PRICE_FROM_THIS,ghee rice with dal fry,68,85,199.18,149.0,North Indian / OTHER RICE VARIETIES / North Indian / empire special thalis & combos / veg_flag=1.0,,,,149,Do not use for final price without manual/operator evidence.
P2,146,[HE-CM03-1] CM3 For You — Rice+Dal,combo_rice_curry,WEAK_MAPPING_DO_NOT_PRICE_FROM_THIS,WEAK_MAPPING_DO_NOT_PRICE_FROM_THIS,ghee rice with dal fry,68,85,199.18,149.0,North Indian / OTHER RICE VARIETIES / North Indian / empire special thalis & combos / veg_flag=1.0,,,,149,Do not use for final price without manual/operator evidence.
P2,147,[HE-CM03-2] CM3 For Two — Rice+Dal,combo_rice_curry,WEAK_MAPPING_DO_NOT_PRICE_FROM_THIS,WEAK_MAPPING_DO_NOT_PRICE_FROM_THIS,ghee rice with dal fry,68,85,199.18,149.0,North Indian / OTHER RICE VARIETIES / North Indian / empire special thalis & combos / veg_flag=1.0,,,,149,Do not use for final price without manual/operator evidence.
P2,148,Mutton Pepper (Roast),other,HIGHER_PAY_PRICE_SUPPORTED_REVIEW_PORTION | SWIGGY_ZOMATO_PRICE_DIVERGENCE_GE_30PCT,HIGHER_PAY_PRICE_SUPPORTED_REVIEW_PORTION,kerala mutton pepper roast,4,4,625.0,625.0,North Indian / OTHER DRY STARTERS / North Indian / non vegetarian starters,mutton burra,47,475.0,389,"Demand supports higher customer pay price than POS, but confirm portal portion/card equivalence. Swiggy/Zomato derived price divergence 42%; keep as review row before offer math."
P2,149,Mutton Noodles,other,USABLE_WITH_OPERATOR_REVIEW | SWIGGY_ZOMATO_PRICE_DIVERGENCE_GE_30PCT,USABLE_WITH_OPERATOR_REVIEW,mutton noodles,4,4,180.0,180.0,North Indian / NOODLES / Biryani / noodles,mutton burra,47,475.0,219,Swiggy/Zomato derived price divergence 66%; keep as review row before offer math.
P2,150,Extra Bun,other,WEAK_MAPPING_DO_NOT_PRICE_FROM_THIS | SWIGGY_ZOMATO_PRICE_DIVERGENCE_GE_30PCT,WEAK_MAPPING_DO_NOT_PRICE_FROM_THIS,extra hummus,13,17,129.46,99.0,Arabic/Middleeast/Mediterranean / HUMMUS / Biryani / extra add on / veg_flag=1.0,extra mandi rice,48,269.0,119,Do not use for final price without manual/operator evidence. Swiggy/Zomato derived price divergence 498%; keep as review row before offer math.
P2,151,Chicken Burtha,chicken_gravy,HIGHER_PAY_PRICE_SUPPORTED_REVIEW_PORTION | SWIGGY_ZOMATO_PRICE_DIVERGENCE_GE_30PCT,HIGHER_PAY_PRICE_SUPPORTED_REVIEW_PORTION,chicken mughlai,2,3,352.5,235.0,North Indian / CURRY / Biryani / non veg main course,chicken korma,47,270.0,329,"Demand supports higher customer pay price than POS, but confirm portal portion/card equivalence. Swiggy/Zomato derived price divergence 32%; keep as review row before offer math."
P2,152,Mutton Khima,other,USABLE_WITH_OPERATOR_REVIEW,USABLE_WITH_OPERATOR_REVIEW,mutton khurma,2,2,240.0,240.0,North Indian / CURRY / Biryani / mutton gravy,mutton burra,47,475.0,249,"Usable, but keep operator review before portal update."
P2,153,Mutton Punjabi,other,USABLE_WITH_OPERATOR_REVIEW,USABLE_WITH_OPERATOR_REVIEW,mutton punjabi,1,1,440.0,240.0,North Indian / CURRY / Biryani / mutton gravy,mutton burra,47,475.0,249,"Usable, but keep operator review before portal update."
P2,154,Mutton Tadka,other,HIGHER_PAY_PRICE_SUPPORTED_REVIEW_PORTION,HIGHER_PAY_PRICE_SUPPORTED_REVIEW_PORTION,mutton akbari,2,2,300.0,300.0,North Indian / CURRY / Biryani / non veg main course,mutton burra,47,475.0,289,"Demand supports higher customer pay price than POS, but confirm portal portion/card equivalence."
P2,155,Mutton Achari,other,HIGHER_PAY_PRICE_SUPPORTED_REVIEW_PORTION | SWIGGY_ZOMATO_PRICE_DIVERGENCE_GE_30PCT,HIGHER_PAY_PRICE_SUPPORTED_REVIEW_PORTION,mutton akbari,2,2,300.0,300.0,North Indian / CURRY / Biryani / non veg main course,mutton burra,47,475.0,359,"Demand supports higher customer pay price than POS, but confirm portal portion/card equivalence. Swiggy/Zomato derived price divergence 34%; keep as review row before offer math."
P2,156,Mutton Kolhapuri,other,USABLE_WITH_OPERATOR_REVIEW,USABLE_WITH_OPERATOR_REVIEW,mutton akbari,2,2,300.0,300.0,North Indian / CURRY / Biryani / non veg main course,mutton burra,47,475.0,249,"Usable, but keep operator review before portal update."
P2,157,Mutton Kolhapuri Gravy,other,PORTION_OR_OFFER_GATE_REQUIRED | SWIGGY_ZOMATO_PRICE_DIVERGENCE_GE_30PCT,PORTION_OR_OFFER_GATE_REQUIRED,mutton roast [semi gravy],2,2,280.0,280.0,North Indian / CURRY / Biryani / non veg starters,mutton burra,47,475.0,119,"Market volume price is below POS; solve with smaller portion, combo, or offer pay-price, not blind base-price cut. Swiggy/Zomato derived price divergence 754%; keep as review row before offer math."
P2,158,Mutton Kassa,other,USABLE_WITH_OPERATOR_REVIEW,USABLE_WITH_OPERATOR_REVIEW,mutton paya,1,1,600.0,300.0,North Indian / SOUP / Biryani / special,mutton burra,47,475.0,249,"Usable, but keep operator review before portal update."
P2,159,Chicken Dopiyaza,chicken_gravy,USABLE_WITH_OPERATOR_REVIEW,USABLE_WITH_OPERATOR_REVIEW,chicken kadai,1,1,390.0,390.0,North Indian / CURRY / North Indian / indian,chicken korma,47,270.0,249,"Usable, but keep operator review before portal update."
P2,160,Aloo Gobi,other,HIGHER_PAY_PRICE_SUPPORTED_REVIEW_PORTION | SWIGGY_ZOMATO_PRICE_DIVERGENCE_GE_30PCT | SWIGGY_STRONG_ZOMATO_WEAK,HIGHER_PAY_PRICE_SUPPORTED_REVIEW_PORTION,aloo gobi,3,3,260.0,260.0,North Indian / DRY MAIN COURSE / North Indian / indian / veg_flag=1.0,gobi manchurian,48,185.0,249,"Demand supports higher customer pay price than POS, but confirm portal portion/card equivalence. Swiggy/Zomato derived price divergence 41%; keep as review row before offer math."
P2,161,Mutton Sagwala,other,USABLE_WITH_OPERATOR_REVIEW | SWIGGY_ZOMATO_PRICE_DIVERGENCE_GE_30PCT,USABLE_WITH_OPERATOR_REVIEW,mutton shalimar,1,1,295.0,295.0,North Indian / CURRY / Biryani / non veg main course,mutton burra,47,475.0,269,Swiggy/Zomato derived price divergence 42%; keep as review row before offer math.
P2,162,Packaging Charges,other,NO_EXTERNAL_CONTEXT,NO_EXTERNAL_CONTEXT,plain rice,7,8,108.57,95.0,North Indian / OTHER RICE VARIETIES / Biryani / rice and biryani / veg_flag=1.0,chicken haleem (murg),43,299.0,,Do not use for final price without manual/operator evidence.
P2,163,Thethar Biryani,biryani,HIGHER_PAY_PRICE_SUPPORTED_REVIEW_PORTION,HIGHER_PAY_PRICE_SUPPORTED_REVIEW_PORTION,peas biryani,3,9,720.0,250.0,South Indian / BIRYANI / North Indian / main course / veg_flag=1.0,egg biryani,49,255.0,329,"Demand supports higher customer pay price than POS, but confirm portal portion/card equivalence."
P2,164,Soft Drink,other,WEAK_MAPPING_DO_NOT_PRICE_FROM_THIS,WEAK_MAPPING_DO_NOT_PRICE_FROM_THIS,red bull energy drink,1,2,700.0,350.0,North Indian / SOFT DRINKS / Biryani / energy zone / veg_flag=1.0,gobi manchurian,48,185.0,349,Do not use for final price without manual/operator evidence.
P2,165,Krispy Shrimps with Mayo (10pcs),combo,NO_EXTERNAL_CONTEXT,NO_EXTERNAL_CONTEXT,paya soup (with single paya) (1 leg pcs),6,12,280.0,140.0,North Indian / SOUP / Biryani / soups,,,,,Do not use for final price without manual/operator evidence.
P2,166,[HE-CM04-3] CM4 For Three — Brain+Naan,combo,NO_EXTERNAL_CONTEXT,NO_EXTERNAL_CONTEXT,keema with zaatar naan,5,5,369.0,369.0,Arabic/Middleeast/Mediterranean / NAAN / Biryani / mains & platters,,,,,Do not use for final price without manual/operator evidence.
P2,167,Krispy Lollipop with Mayo (6pcs),combo,NO_EXTERNAL_CONTEXT,NO_EXTERNAL_CONTEXT,kulcha with curry (2 pcs),6,6,135.0,135.0,South Indian / KULCHA / North Indian / meals / veg_flag=1.0,,,,,Do not use for final price without manual/operator evidence.
P2,168,[HE-CM04-1] CM4 For You — Brain+Naan,combo,NO_EXTERNAL_CONTEXT,NO_EXTERNAL_CONTEXT,keema with zaatar naan,5,5,369.0,369.0,Arabic/Middleeast/Mediterranean / NAAN / Biryani / mains & platters,,,,,Do not use for final price without manual/operator evidence.
P2,169,[HE-CM04-2] CM4 For Two — Brain+Naan,combo,NO_EXTERNAL_CONTEXT,NO_EXTERNAL_CONTEXT,keema with zaatar naan,5,5,369.0,369.0,Arabic/Middleeast/Mediterranean / NAAN / Biryani / mains & platters,,,,,Do not use for final price without manual/operator evidence.
P2,170,Krispy Wings with Mayo (6pcs),combo,NO_EXTERNAL_CONTEXT,NO_EXTERNAL_CONTEXT,special nachos with beans,4,4,290.0,290.0,North Indian / NACHOS / North Indian / maxican & continental / veg_flag=1.0,,,,,Do not use for final price without manual/operator evidence.
